sagen,0.04418846804633607
sehen,0.025445789405180247
kommen,0.10646882728101001
gehen,0.02694260054666145
wissen,-0.018222048678901454
machen,-0.0058570870753611864
lassen,-0.025771183131589215
stehen,0.07048028114017962
geben,0.0054666146036704555
fragen,0.03553299492385787
sprechen,0.1490954054405831
nehmen,0.01997917480150982
leben,-0.2306390732786672
bleiben,0.0454249642066901
rufen,0.05167252375374201
halten,0.04249642066900951
liegen,-0.0490042951971886
hören,0.06787713132890799
finden,-0.03416634127294027
denken,0.047832877782116354
tun,0.08961343225302616
glauben,-0.022517245867499674
scheinen,0.014707796433684764
treten,0.069113627489262
bringen,0.033320317584276976
sitzen,-0.02062996225432774
fahren,0.05290901991409605
kennen,0.005531693348952232
stunden,-0.013796693999739684
tragen,0.0020825198490173336
fallen,0.055316933489522324
stellen,0.038917089678511
reden,-0.01548874137706625
setzen,0.04060913705583756
zeihen|ziehen,0.01496811141481192
fühlen,-0.07887543928153065
stimmen,0.01015228426395939
suchen,0.01568397761291162
verstehen,0.008460236886632826
bitten,0.021996615905245348
lachen,0.0016269686320447702
wagen,-0.00800468566966029
gehören,-0.0009761811792268638
legen,0.02752830925419758
folgen,0.030456852791878174
meinen,0.015944292594038786
schreiten,0.016660158792138488
antworten,0.00338409475465313
erzählen,0.018612521150592216
ruhen,-0.03559807366913966
lieben,-0.01067291422621372
lesen,0.011584016660158791
schließen,0.04809319276324353
werfen,0.0396329558766107
steigen,0.014707796433684764
zeigen,-0.00800468566966029
beginnen,0.023688663282571912
erheben,0.004099960952752831
tränen,0.010868150462059092
fahren|führen,-0.01282051282051282
schlagen,0.06546921775348172
nennen,0.023688663282571912
verlieren,-0.019133151112846546
erscheinen,0.01692047377326565
sonnen,-0.08492776259273721
brauchen,0.005076142131979695
schreiben,0.00989196928283223
enden,-0.047702720291552786
wenden,-0.004620590915007161
geien,0.001692047377326565
helfen,0.0338409475465313
erden,-0.013471300273330739
springen,0.02681244305609788
sorgen,-0.03338539632955877
singen,-0.1340622152804894
sterben,-0.010217363009241184
treffen,0.015944292594038786
heißen,0.016660158792138488
öffnen,-0.0009761811792268638
eilen,0.005531693348952232
reisen,-0.013796693999739684
heben,0.03501236496160354
verlassen,0.012560197839385657
laufen,0.011584016660158791
erkennen,0.01015228426395939
bemerken,0.001692047377326565
garen,0.001692047377326565
befinden,0.001692047377326565
treiben,-0.016725237537420272
schreien,0.03553299492385787
schauen,0.02629181309384354
schlafen,0.014707796433684764
warten,-0.02492515944292594
lächeln,-0.0029285435376805932
trinken,-0.028569569178706226
fliegen,-0.019393466093973716
brechen,-0.03755043602759339
wohnen,-0.0019523623584537277
fassen,0.044709098008590395
schweigen,-0.01841728491474684
essen,0.0079396069243785
wünschen,-0.023948978263699076
blicken,0.016660158792138488
leiden,-0.03702980606533905
bekommen,0.001692047377326565
hängen,0.0396329558766107
spielen,-0.04379799557464532
fangen,-0.02180137966939997
holen,0.021996615905245348
richten,0.01692047377326565
dienen,-0.017180788754392814
reiten,0.06644539893270858
erwidern,0.00676818950930626
klingen,-0.09729272419627749
stoßen,0.032148900169204735
verschwinden,0.025380710659898477
erhalten,0.01015228426395939
verlangen,-0.030001301574905638
lernen,0.008460236886632826
schießen,0.019328387348691915
erreichen,0.008460236886632826
erwarten,0.0
ergreifen,0.008460236886632826
fürchten,0.01015228426395939
merken,0.01692047377326565
ehren,-0.04262657815957309
nähen,0.01353637901861252
greifen,0.015944292594038786
geschehen,-0.004360275933879994
weinen,-0.008265000650787446
erschrecken,0.0007158661980997006
fehlen,0.008199921905505662
stecken,-0.017180788754392814
winden,-0.0005206299622543265
reißen,-0.004620590915007161
betrachten,0.005076142131979695
begreifen,0.001692047377326565
versprechen,0.001692047377326565
rücken,0.0454249642066901
drücken,0.00989196928283223
bewegen,0.008460236886632826
gedenken,0.01015228426395939
vermögen,0.005076142131979695
besitzen,0.00338409475465313
ansehen,0.001692047377326565
schaffen,-0.047182090329298446
locken,-0.04841858648965248
pflegen,0.015228426395939087
kehren,-0.05492646101783158
danken,-0.013796693999739684
weilen,0.021996615905245348
decken,-0.022517245867499674
stürzen,0.017636339971365354
gelingen,0.00338409475465313
erklären,-0.023948978263699076
freuen,-0.013796693999739684
begegnen,0.001692047377326565
gasen,0.0
küssen,-0.11154496941298972
vergessen,-0.007028504490433424
vergehen,0.0007158661980997006
sinken,-0.02980606533906026
erfüllen,0.001692047377326565
dringen,0.0031237797735259656
grüßen,-0.00800468566966029
versuchen,0.005076142131979695
erlauben,0.00338409475465313
beschäftigen,0.0
pfeifen,-0.0677469738383444
binden,-0.013796693999739684
klagen,-0.046466224131198754
erblicken,0.01015228426395939
töten,0.00338409475465313
beten,-0.0019523623584537277
schatten,-0.054210594819731873
weisen,0.001692047377326565
erwachen,0.014252245216712221
verbergen,0.001692047377326565
schütteln,0.009176103084732528
ziehen,0.008395158141351028
zurückkehren,0.0
entfernen,0.0
empfinden,0.0
aussehen,0.001692047377326565
laden,0.018612521150592216
nicken,0.004099960952752831
gewinnen,-0.0009761811792268638
führen,0.0021475985942990966
zeihen,0.023428348301444746
arbeiten,0.001692047377326565
dringen|drängen,0.005076142131979695
reichen,0.05752961082910321
zittern,-0.015033190160093711
gelten,-0.008720551867759989
vergnügen,0.001692047377326565
wiederholen,0.0
befehlen,-0.020564883509045943
erstaunen,0.0
bestehen,0.005076142131979695
bieten,0.028764805414551606
strecken,0.005792008330079396
schrecken,-0.025901340622152803
zwingen,-0.004360275933879994
mengen,0.0
flüstern,-0.026877521801379665
schicken,0.0007158661980997006
lügen,0.00676818950930626
brauen,-0.00943641806585969
anfangen,0.0
ecken,-0.01750618248080177
berühren,-0.02225693088637251
schenken,-0.00605232331120656
erinnern,0.0
tanzen,0.02030456852791878
wachsen,-0.04379799557464532
handeln,0.001692047377326565
füllen,-0.021541064688272812
begleiten,0.001692047377326565
erfahren,0.015228426395939087
eintreten,0.00338409475465313
drehen,0.0007158661980997006
bezahlen,0.001692047377326565
unterbrechen,0.0
gefallen,0.0024079135754262668
retten,0.00748405570740596
verzeihen,0.001692047377326565
entdecken,0.005076142131979695
biegen,0.008460236886632826
leuchten,-0.04041390081999219
mühen,0.001692047377326565
vernehmen,0.011844331641285956
gebieten,0.005076142131979695
hoffen,-0.02225693088637251
bilden,-0.00943641806585969
gestehen,0.01015228426395939
verdienen,0.00338409475465313
sinnen,-0.0029285435376805932
heuen,-0.04503449173499935
summen,0.004099960952752831
werd,-0.09189118833788884
fliehen,-0.0019523623584537277
genießen,-0.011128465443186256
vertrauen,-0.00266822855655343
stören,0.00338409475465313
besuchen,0.0
schwören,0.021996615905245348
packen,0.00676818950930626
lehren,0.01353637901861252
entschließen,0.001692047377326565
rollen,0.00748405570740596
fällen,0.0014317323961994012
fließen,-0.026877521801379665
flammen,-0.05661850839515815
gesellen,0.005076142131979695
brennen,-0.0005206299622543265
empfangen,-0.017180788754392814
giebt,0.005076142131979695
rühren,-0.03364571131068592
rechen,0.11928934010152284
knieen,0.021996615905245348
bedenken,0.00676818950930626
reihen,0.001692047377326565
ankommen,0.0
senden,0.0024079135754262668
trennen,-0.00943641806585969
raten,0.015228426395939087
umstehen,0.0
beobachten,0.0
behalten,0.001692047377326565
schaden,0.00338409475465313
hauen,0.03136795522582324
entzücken,-0.00943641806585969
annehmen,0.0
schulen,0.0
zustehen,0.0
beschließen,0.00676818950930626
nähern,0.0
schieben,0.02030456852791878
wecken,-0.013080827801639987
wehen,-0.07985162046075753
kaufen,0.005076142131979695
ahnen,-0.017441103735519978
schneiden,0.018612521150592216
lehnen,0.01353637901861252
bekennen,0.0
verstecken,0.001692047377326565
zucken,0.015944292594038786
speisen,0.0
fluchen,0.023688663282571912
fordern,0.005076142131979695
verbinden,-0.01282051282051282
besinnen,0.005076142131979695
neigen,-0.023233112065599377
klopfen,-0.007744370688533125
bestimmen,0.0
streichen,0.023688663282571912
strahlen,-0.013796693999739684
abscheiden,0.0
frieden,-0.01210464662241312
fügen,0.005076142131979695
melden,0.0
begeben,0.00338409475465313
erleben,0.0
spinnen,0.011844331641285956
verderben,0.0007158661980997006
spüren,-0.01548874137706625
lösen,0.010868150462059092
triefen,0.00676818950930626
wiedersehen,0.0
tönen,-0.016464922556293116
beruhigen,0.0
wirken,-0.023948978263699076
kosen|kosten,0.001692047377326565
verfolgen,0.0
dauern,-0.00266822855655343
rennen,0.006963425745151644
heiraten,0.0
begrüßen,0.00338409475465313
kämpfen,-0.00605232331120656
schweben,-0.0907197709228166
teilen,0.01015228426395939
aussprechen,0.0
stehlen,0.011844331641285956
bereiten,0.00338409475465313
entsetzen,0.001692047377326565
schleichen,-0.004620590915007161
zerreißen,0.00338409475465313
irren,0.03019653781075101
versinken,-0.0002603149811271632
gebären,0.009176103084732528
regen,-0.05759468957438501
stufen,0.0
abreisen,0.0
scheiden,-0.022517245867499674
quellen,-0.01210464662241312
genügen,0.00676818950930626
versetzen,0.001692047377326565
aufstehen,0.001692047377326565
behaupten,0.0
ordnen,0.00676818950930626
bergen,0.025380710659898477
aufnehmen,0.001692047377326565
vorkommen,0.001692047377326565
verschließen,-0.007744370688533125
versichern,0.001692047377326565
bedecken,-0.004360275933879994
schwellen,-0.04985031888585188
furchen,0.001692047377326565
dünken,0.008460236886632826
stützen,0.005076142131979695
kleiden,0.005076142131979695
vorstellen,0.0
achten,-0.00533645711310686
senken,0.01353637901861252
erregen,-0.011128465443186256
zählen,0.02707275803722504
horchen,0.01327606403748536
sehnen,-0.08733567616816347
wählen,-0.00943641806585969
winken,-0.0019523623584537277
seufzen,-0.004360275933879994
zahlen,0.008460236886632826
überlegen,0.001692047377326565
graben,0.02707275803722504
atmen,-0.0009761811792268638
wandeln,-0.01548874137706625
berichten,0.001692047377326565
gleiten,-0.009696733046986858
gehorchen,0.001692047377326565
verbieten,0.0
gewähren,0.001692047377326565
strafen,0.00676818950930626
schützen,-0.00266822855655343
waten,0.005076142131979695
trösten,0.00338409475465313
benehmen,0.0
überzeugen,0.0
deuten,0.011844331641285956
täuschen,0.00338409475465313
fesseln,0.008460236886632826
rauben,0.0007158661980997006
passen,0.00676818950930626
falten,0.009176103084732528
streben,0.00338409475465313
wundern,-0.00266822855655343
widerstehen,0.001692047377326565
beißen,0.00338409475465313
glänzen,0.008199921905505662
entgegnen,0.001692047377326565
vermag,0.00338409475465313
buchen,0.00338409475465313
lauten,0.001692047377326565
bewahren,-0.011128465443186256
anziehen,0.0
angreifen,0.0
malen,-0.004360275933879994
beweisen,0.0
drohen,0.008460236886632826
gelangen|gelingen,0.0
erfreuen,-0.00943641806585969
gebrauchen,0.0
benutzen,0.0
einrichten,0.0
messen,0.005076142131979695
jagen,0.018612521150592216
gnaden,0.005076142131979695
schwingen,-0.020825198490173107
ketten,-0.023948978263699076
wiegen,-0.019849017310946248
entschuldigen,0.0
zeugen,-0.00943641806585969
bedeuten,0.00676818950930626
quälen,0.005076142131979695
betreten,0.00338409475465313
schmücken,0.0007158661980997006
ärgern,0.001692047377326565
besorgen,0.0
versammeln,0.001692047377326565
behandeln,0.0
entstehen,0.001692047377326565
schämen,-0.004360275933879994
zweifeln,0.001692047377326565
starren,0.01496811141481192
beugen,0.0031237797735259656
kriechen,0.01692047377326565
ertönen,0.008460236886632826
ringen,0.05382012234804112
mitnehmen,0.008460236886632826
loben,-0.00266822855655343
kriegen,0.01015228426395939
unterscheiden,0.0
verraten,0.00338409475465313
rauschen,-0.04236626317844592
überraschen,0.0
betreffen,0.005076142131979695
hüten,-0.01887283613171938
verwandeln,0.0
gleichen,0.011844331641285956
erkundigen,0.0
wachen,-0.0005206299622543265
verwenden,0.0
segnen,-0.03266953013145907
wogen,-0.03364571131068592
weichen,0.02707275803722504
verlieben,0.0
gebärden,0.0
mitteilen,0.0
geraten,0.00338409475465313
nahen,0.009176103084732528
anlegen,0.0
aufgeben,0.0
einschlafen,0.0
wandern,-0.017180788754392814
herrschen,-0.01210464662241312
tropfen,-0.013796693999739684
erfassen,0.011844331641285956
schleppen,0.015228426395939087
vermuten,0.0
schlingen,0.01353637901861252
begehren,0.00676818950930626
funkeln,-0.0009761811792268638
gestalten,-0.04959000390472471
trauen,-0.010412599245086553
weiden,0.01015228426395939
träumen,-0.04041390081999219
gönnen,0.005076142131979695
ertragen,0.00338409475465313
hassen,-0.00266822855655343
befreien,0.0
entfliehen,0.005076142131979695
wechseln,0.00338409475465313
leisten,0.001692047377326565
bauen,-0.00533645711310686
flehen,0.02030456852791878
unternehmen,0.0
ergeben,-0.013796693999739684
belieben,0.0
perlen,-0.01548874137706625
bestellen,0.001692047377326565
rechnen,0.001692047377326565
empfehlen,0.00338409475465313
verwundern,0.00338409475465313
schultern,0.00676818950930626
erwerben,0.005076142131979695
streifen,-0.007028504490433424
wehren,-0.007744370688533125
verändern,0.0
einfallen,0.0
schwanken,0.0014317323961994012
feiern,0.00338409475465313
bemühen,0.001692047377326565
nachdenken,0.001692047377326565
einnehmen,0.0
spuren,0.005076142131979695
aufschlagen,0.0
gewöhnen,0.0
vermeiden,0.001692047377326565
sammeln,0.00676818950930626
beenden,0.0
stillen,-0.0009761811792268638
entscheiden,0.0
vernichten,-0.011128465443186256
dasein,-0.011128465443186256
verbreiten,0.0
blitzen,-0.029285435376805932
flechten,-0.020564883509045943
einen,0.013926851490303288
stöhnen,-0.004360275933879994
schwimmen,0.021736300924118185
erweisen,0.0
entgehen,0.001692047377326565
schmecken,0.01015228426395939
lauschen,-0.004620590915007161
kümmern,0.00676818950930626
beherrschen,0.005076142131979695
verehren,0.001692047377326565
lenken,-0.00943641806585969
festhalten,0.0
übernehmen,0.0
entziehen,0.0
verletzen,0.00338409475465313
verkaufen,0.001692047377326565
anlangen,0.001692047377326565
befestigen,0.0
umarmen,0.005076142131979695
erwecken,-0.007744370688533125
murmeln,0.01353637901861252
schwächen,0.001692047377326565
blasen,0.01015228426395939
veranlassen,0.0
verschaffen,0.0
pausen,0.0
mischen,0.00338409475465313
verstummen,0.001692047377326565
zurückziehen,0.0
wiederkommen,-0.011128465443186256
schelten,0.0
gestatten,0.0
ergehen,0.010868150462059092
erbarmen,-0.00605232331120656
bekümmern,0.001692047377326565
backen,0.005076142131979695
beschwören,0.0
mitbringen,0.0
vorgehen,0.0
entbehren,0.0
vollenden,0.00338409475465313
versäumen,0.0
bewohnen,0.0
üben,0.011584016660158791
bewachen,0.00676818950930626
glühen,-0.04477417675387219
plaudern,0.005076142131979695
fressen,0.00676818950930626
stocken,0.00676818950930626
rasen,0.018612521150592216
beleidigen,0.00338409475465313
betten,-0.01282051282051282
verbringen,0.0
unterhalten,0.0
zubringen,0.00338409475465313
stärken,0.005076142131979695
blättern,0.00676818950930626
fortgehen,0.0
gewahren,0.001692047377326565
wetten,0.0
kochen,0.011844331641285956
bedauern,0.005076142131979695
dulden,0.001692047377326565
aufrichten,0.0
verbrechen,-0.02564102564102564
rächen,0.0
schimmern,-0.0019523623584537277
beben,-0.004360275933879994
breiten,0.01015228426395939
untersuchen,0.0
prüfen,0.00676818950930626
bedürfen,0.00338409475465313
funken,-0.021541064688272812
hindern,-0.00943641806585969
vorübergehen,0.001692047377326565
peitschen,0.008460236886632826
staunen,-0.004360275933879994
verhalten,0.0
hüllen,-0.023233112065599377
verfluchen,0.005076142131979695
passieren,0.001692047377326565
aufheben,0.0
besiegen,0.001692047377326565
erben,-0.007809449433814911
wellen,-0.043082129376545625
misstrauen,0.001692047377326565
kosten,0.00338409475465313
vertreiben,-0.00943641806585969
spazieren,0.00338409475465313
verleihen,0.0
befriedigen,0.0
eindringen,0.001692047377326565
verzehren,-0.023948978263699076
leiten,-0.0029285435376805932
schätzen,0.005076142131979695
strömen,-0.01887283613171938
besprechen,0.00338409475465313
eintreffen,0.0
zurückkommen,0.0
reiben,0.005987244565924768
schmeicheln,0.00676818950930626
aufhören,0.0
nützen,0.001692047377326565
zerstreuen,-0.007744370688533125
gelangen,0.005076142131979695
gucken,0.00338409475465313
ersticken,0.0
hegen,-0.02225693088637251
beschreiben,-0.011128465443186256
pflanzen,0.0
aufsehen,0.00338409475465313
rauchen,-0.01548874137706625
stürmen,-0.01887283613171938
besetzen,0.0
stechen,0.0024079135754262668
hätt,-0.008720551867759989
brummen,0.001692047377326565
überfallen,0.0
zögern,0.01015228426395939
verweilen,0.005076142131979695
zurückbleiben,0.0
zuhören,0.0
reuen,-0.0309774827541325
ändern,0.001692047377326565
zerstören,0.001692047377326565
verkehren,0.0
versagen,0.00338409475465313
verschlingen,0.005076142131979695
schluchzen,-0.05225823246127814
begehen,0.005076142131979695
verbrennen,0.001692047377326565
erschallen,0.01353637901861252
ausgehen,0.0
zerbrechen,-0.020564883509045943
schleudern,-0.020564883509045943
einladen,0.0
überwinden,-0.00943641806585969
jammern,0.008460236886632826
anvertrauen,0.001692047377326565
verwirren,-0.01282051282051282
beachten,0.0
trocknen,0.01015228426395939
stammeln,0.001692047377326565
erleichtern,0.0
flüchten,-0.007744370688533125
tauchen,-0.025901340622152803
vereinigen,0.0
abnehmen,0.001692047377326565
aufgehen,-0.011128465443186256
zusehen,0.0
klettern,0.00676818950930626
verbeugen,0.001692047377326565
umdrehen,0.0
enthalten,0.00338409475465313
aufstellen,0.001692047377326565
verteidigen,0.0
aufsuchen,0.0
ausbrechen,0.0
opfern,0.0
schonen,0.008460236886632826
schallen,0.047377326565143825
putzen,0.0
anzeigen,0.0
aushalten,0.0
erstarren,-0.004360275933879994
verachten,0.0
durchdringen,0.0
behagen,0.005076142131979695
verhindern,0.0
erschüttern,0.00338409475465313
eingehen,0.0
anreden,0.0
reizen,0.005076142131979695
zurücklassen,0.0
hingeben,0.0
meiden,0.00338409475465313
bereuen,0.0
warnen,0.00338409475465313
ausziehen,0.00338409475465313
brausen,-0.029285435376805932
höhlen,0.001692047377326565
gießen,-0.07015488741377067
umsehen,0.0
bücken,-0.00266822855655343
beziehen,0.001692047377326565
kränken,0.005076142131979695
stehn,-0.03702980606533905
aufhalten,0.0
bewundern,0.001692047377326565
rühmen,0.001692047377326565
ablegen,0.0
ragen,0.0376155147728752
anklagen,0.0
schildern,0.00338409475465313
ausgeben,0.0
hacken,0.0
währen,0.008460236886632826
untergehen,0.001692047377326565
schlummern,0.008460236886632826
geleiten,0.005076142131979695
langen,-0.016464922556293116
beuten,0.0
husten,0.00338409475465313
bedurfte,0.0
maßen,0.001692047377326565
fluten,-0.019849017310946248
pressen,-0.010412599245086553
einstellen,0.0
waschen,0.005076142131979695
streiten,0.008460236886632826
ermüden,0.001692047377326565
dastehen,0.0
posten,0.005076142131979695
erholen,0.0
betragen|betrügen,0.0
lüften,-0.004360275933879994
umkehren,0.0
scherzen,0.00338409475465313
übergehen,0.001692047377326565
möcht,-0.017180788754392814
anstellen,0.0
angehören,0.0
erbitten,0.00338409475465313
betreiben,0.0
plagen,0.011844331641285956
vergleichen,0.001692047377326565
erleiden,0.0
besteigen,0.00338409475465313
weben,-0.09000390472471692
grillen,0.0
eröffnen,0.0
wahrnehmen,0.0
nutzen,0.00338409475465313
spotten,-0.01282051282051282
ängstigen,0.001692047377326565
anzünden,0.001692047377326565
äußern,0.001692047377326565
herkommen,0.0
bezwingen,-0.011128465443186256
krachen,0.02030456852791878
entkommen,0.0
zeichnen,0.005076142131979695
stattfinden,0.0
hervorbringen,0.0
kohlen,0.001692047377326565
betrüben,0.0
sprengen,-0.00605232331120656
entzünden,0.008460236886632826
erraten,0.00338409475465313
blühen,-0.17707926591175324
emporsteigen,0.0
büßen,0.0
verschmähen,0.00338409475465313
umgeben,-0.020564883509045943
vergeben,-0.01548874137706625
streicheln,0.00338409475465313
bannen,0.00676818950930626
bewaffnen,0.0
heulen,0.00676818950930626
aufsteigen,-0.01282051282051282
unterwerfen,0.0
gedeihen,-0.011128465443186256
necken,0.00676818950930626
verfallen,0.001692047377326565
verlegen,0.001692047377326565
aussteigen,0.0
baden,-0.00943641806585969
spiegeln,-0.01887283613171938
studieren,0.005076142131979695
mustern,0.0
befragen,0.0
erteilen,0.001692047377326565
bezeichnen,0.001692047377326565
anbieten,0.0
siegen,-0.00266822855655343
zielen,0.0
belehren,0.0
beglücken,0.001692047377326565
toben,-0.0009761811792268638
verschweigen,0.00338409475465313
abschließen,0.0
nachsehen,0.0
nerven,0.0
jubeln,0.008460236886632826
wärmen,-0.00266822855655343
erfolgen,0.0
erschöpfen,0.0
läuten,-0.007744370688533125
leugnen,0.001692047377326565
erlöschen,-0.004360275933879994
betrügen,0.001692047377326565
freien,0.0
ausstrecken,0.0
verwunden,0.001692047377326565
vermissen,0.001692047377326565
zugehen,0.0
entwickeln,0.0
probieren,0.0
ausbreiten,0.0
verpflichten,0.0
anhalten,0.0
entlassen,0.00338409475465313
umgehen,0.005076142131979695
unterrichten,0.0
beichten,0.00338409475465313
scheuen,0.00338409475465313
erziehen,0.00338409475465313
wiegen|wogen|wägen,-0.01282051282051282
fortsetzen,0.0
riechen,0.02030456852791878
drängen,0.0031237797735259656
braten,0.00676818950930626
beantworten,0.0
spalten,0.00338409475465313
fechten,0.00338409475465313
auftreten,0.0
schwatzen,0.00676818950930626
bedienen,0.001692047377326565
erleuchten,-0.01282051282051282
unterstützen,0.0
unterdrücken,0.0
erlangen,-0.030001301574905638
erklingen,-0.039437719640765326
ausruhen,0.001692047377326565
zusammentreffen,0.0
wiederfinden,0.0
verrichten,0.0
bangen,-0.009696733046986858
nietken,0.0
trauern,-0.007744370688533125
beneiden,0.00676818950930626
antreten,0.0
einbilden,0.0
stutzen,0.01353637901861252
bestätigen,0.0
scheren,0.008460236886632826
abholen,0.0
bemächtigen,0.001692047377326565
verweigern,0.0
aussagen,0.0
abwarten,0.001692047377326565
predigen,0.0
besehen,0.001692047377326565
sträuben,0.00676818950930626
planen,0.0
versehen,0.001692047377326565
verdammen,0.005076142131979695
entreißen,0.0
hergeben,0.0
verabschieden,0.0
darstellen,0.0
abhalten,0.0
anhören,0.001692047377326565
herstellen,0.0
erröten,-0.007744370688533125
harren,0.009176103084732528
vorbereiten,0.0
übertreiben,0.0
erbeben,0.001692047377326565
erstatten,0.0
einschlagen,0.0
bestrafen,0.001692047377326565
befürchten,0.0
raffen,0.005076142131979695
bekehren,0.001692047377326565
löschen,-0.01210464662241312
pochen,0.0024079135754262668
andachen,0.0
streuen,-0.017180788754392814
bestreiten,0.0
stammen,0.00338409475465313
hocken,0.0
wanken,-0.020825198490173107
auszeichnen,0.0
ersparen,0.001692047377326565
beschämen,0.005076142131979695
sperren,0.001692047377326565
widmen,0.00338409475465313
einsehen,0.0
sausen,-0.023233112065599377
aufspringen,0.001692047377326565
einlassen,0.0
betragen,0.0
ergießen,-0.020564883509045943
umfassen,-0.00943641806585969
zurücklegen,0.0
herziehen,0.0
erhellen,0.001692047377326565
überlassen,0.0
lodern,-0.02225693088637251
wallen,-0.0309774827541325
weihen,0.011844331641285956
abgeben,0.0
zurückhalten,0.001692047377326565
einziehen,0.0
bezeugen,0.0
gehaben,0.0
abziehen,0.0
anschließen,0.0
vorlesen,0.0
klatschen,0.00338409475465313
spannen|spinnen,0.001692047377326565
schimpfen,0.0
grinsen,0.00338409475465313
auffallen,0.0
erschießen,0.005076142131979695
verstimmen,0.00338409475465313
umringen,0.001692047377326565
übergeben,0.0
belügen,0.0
ballen,0.008460236886632826
nachgehen,0.0
leihen,0.00338409475465313
aufmachen,0.001692047377326565
vermehren,0.0
beistehen,0.0
aufreißen,0.0
jauchzen,-0.023233112065599377
entspringen,0.0
niederlassen,0.0
verdanken,0.0
verhüllen,0.001692047377326565
rüsten,0.008460236886632826
anbinden,0.0
erwähnen,0.0
überreden,0.0
bedrücken,0.0
ede,-0.14759859429910188
kleben,-0.01282051282051282
herauskommen,0.0
derselb,-0.007744370688533125
marschieren,0.0
vorfinden,0.0
beschränken,0.0
recken,-0.015033190160093711
aufbrechen,0.0
begraben,0.01353637901861252
vortragen,0.0
zünden,0.018612521150592216
wickeln,0.00338409475465313
hereinkommen,0.0
verzweifeln,0.001692047377326565
anschauen,0.0
saugen,-0.00605232331120656
walten,-0.030001301574905638
bessern,0.001692047377326565
schmerzen,-0.01282051282051282
hüpfen,-0.007744370688533125
geloben,0.001692047377326565
verleben,0.0
überwältigen,0.0
ermorden,0.0
durchschneiden,0.0
abwenden,-0.02564102564102564
rinnen,0.02271248210334505
schwinden,0.00045555121697253564
hallen,0.03358063256540414
blinken,0.004099960952752831
eichen,0.10607835480931928
flattern,0.010868150462059092
ziehn,0.012560197839385657
verklären,-0.02564102564102564
sprießen,0.00338409475465313
dehnen,-0.00605232331120656
pflücken,0.00338409475465313
zagen,-0.00605232331120656
kreisen,0.00676818950930626
vereinen,0.005076142131979695
schweifen,0.00676818950930626
weiten,0.0
verklingen,-0.036769491084211896
dröhnen,0.005792008330079396
kosen,0.005076142131979695
reifen,0.023428348301444746
verwehen,-0.011128465443186256
sprühen,-0.030001301574905638
hauchen,-0.004360275933879994
erschließen,-0.007744370688533125
schäumen,-0.008720551867759989
huschen,0.01353637901861252
duften,-0.02564102564102564
verhallen,-0.020564883509045943
künden,0.008460236886632826
schmiegen,-0.04959000390472471
kühlen,-0.007744370688533125
umfangen,0.005076142131979695
prangen,0.001692047377326565
verkünden,0.005076142131979695
blühn,-0.06071846934791097
dämmern,0.012560197839385657
bahnen,-0.011128465443186256
entfalten,-0.011128465443186256
welken,-0.00943641806585969
rieseln,0.00676818950930626
mahnen,0.00338409475465313
grollen,0.001692047377326565
dunkeln,-0.01887283613171938
klirren,0.010868150462059092
grauen,-0.013080827801639987
trüben,-0.00605232331120656
verträumen,0.00338409475465313
wähnen,0.0
säuseln,0.001692047377326565
rütteln,0.01015228426395939
zerrinnen,0.00676818950930626
wühlen,-0.007744370688533125
tauschen,0.005076142131979695
spenden,-0.00943641806585969
schwirren,0.01353637901861252
wehn,-0.00605232331120656
umschlingen,0.0
ernten,0.0
schaukeln,0.01015228426395939
wälzen,0.00676818950930626
bluten,-0.017180788754392814
sahnen,-0.01548874137706625
tasten,-0.011128465443186256
säumen,-0.02225693088637251
erringen,0.0
grausen,0.008460236886632826
flimmern,0.004099960952752831
tagen,0.005076142131979695
erlösen,-0.011128465443186256
zürnen,-0.0009761811792268638
schmelzen,0.00338409475465313
ersehnen,-0.01282051282051282
schleifen,0.01015228426395939
berauschen,-0.011128465443186256
zerfließen,0.008460236886632826
süßen,-0.007744370688533125
verdorren,-0.00943641806585969
raunen,0.011844331641285956
entschwinden,-0.011128465443186256
schwärmen,-0.00605232331120656
verzagen,0.001692047377326565
thronen,-0.00943641806585969
erstehen,0.01692047377326565
werben,-0.0009761811792268638
gesehn,0.011844331641285956
keimen,0.0
sensen,0.0
aufwachen,0.00338409475465313
schmettern,0.011844331641285956
glimmen,-0.00266822855655343
vollbringen,0.001692047377326565
erglänzen,0.0
schmieden,0.0
laben,-0.011128465443186256
räumen,-0.04041390081999219
hemmen,0.0
geschehn,0.004099960952752831
wirbeln,-0.0009761811792268638
glühn,-0.023233112065599377
spähen,0.01015228426395939
wimmern,-0.00266822855655343
fliehn,0.005076142131979695
entrücken,0.0
erbleichen,0.01015228426395939
krähen,0.01015228426395939
tragen|trügen,0.0
höhnen,0.005076142131979695
entfachen,0.001692047377326565
hellen,0.015228426395939087
grünen,0.00338409475465313
scheuchen,0.008460236886632826
donnern,0.01015228426395939
lärmen,0.005076142131979695
blenden,-0.00605232331120656
wüßt,0.0
flocken,0.005076142131979695
frieren,0.01692047377326565
krallen,0.00338409475465313
schlürfen,0.00676818950930626
heilen,0.001692047377326565
dichten,0.001692047377326565
verirren,0.0
versenken,0.001692047377326565
erquicken,-0.01282051282051282
erblühen,-0.038461538461538464
schrein,0.02030456852791878
zerfallen,0.00338409475465313
umhüllen,0.001692047377326565
knistern,0.018612521150592216
rasen|rasten,0.0
umwehen,-0.00943641806585969
färben,0.00676818950930626
lagern,0.01015228426395939
erzittern,0.00338409475465313
umschließen,0.00338409475465313
leeren,0.00338409475465313
ranken,-0.020564883509045943
hausen,0.00676818950930626
umfließen,-0.020564883509045943
gellen,-0.0009761811792268638
beleben,0.001692047377326565
schwelgen,-0.00943641806585969
fegen,0.00676818950930626
verbleichen,0.00338409475465313
umschlungen,0.0
nähren,0.0
verglimmen,0.001692047377326565
dürsten,0.005076142131979695
tosen,0.001692047377326565
regnen,0.0
dämpfen,-0.011128465443186256
hasten,0.0
erglühen,0.011844331641285956
bellen,0.001692047377326565
brüllen,0.001692047377326565
bäumen,0.011844331641285956
behüten,-0.023948978263699076
zwitschern,0.00676818950930626
lallen,0.0
versöhnen,0.0
verscheuchen,0.00676818950930626
dampfen,0.01015228426395939
vermählen,-0.01282051282051282
entsagen,0.0
taumeln,-0.031693348952232206
säen,-0.01282051282051282
trompeten,0.011844331641285956
verbluten,0.0
wägen,-0.00943641806585969
krönen,0.001692047377326565
zerspringen,-0.00943641806585969
erküren,0.001692047377326565
kichern,0.0
verjüngen,-0.036769491084211896
flackern,-0.0009761811792268638
stampfen,0.001692047377326565
betteln,-0.004360275933879994
verblühen,-0.01282051282051282
nagen,0.00338409475465313
verstehn,0.0
ritzen,0.005076142131979695
ermatten,0.001692047377326565
zerschellen,0.00338409475465313
zischen,0.01353637901861252
rasseln,0.005792008330079396
verborgen,0.001692047377326565
verbannen,0.001692047377326565
erblassen,-0.00943641806585969
enthüllen,0.0
vergehn,0.005076142131979695
entsteigen,0.001692047377326565
dachen,0.00676818950930626
schlüpfen,0.005076142131979695
belauschen,0.0
brüten,0.001692047377326565
bleichen,0.015228426395939087
gliedern,0.00338409475465313
ersterben,0.005076142131979695
verglühen,0.001692047377326565
verrinnen,0.0
schalen,0.0
herzen,-0.013796693999739684
gesunden,-0.01282051282051282
preisen,0.0
verlöschen,0.001692047377326565
landen,0.008460236886632826
verschwimmen,-0.00943641806585969
buhlen,0.005076142131979695
hangen,0.005076142131979695
lohnen,0.001692047377326565
schaudern,0.01015228426395939
trotzen,0.001692047377326565
geruhen,0.001692047377326565
ächzen,0.0007158661980997006
durchziehen,0.001692047377326565
plätschern,-0.011128465443186256
fischen,0.008460236886632826
taugen,-0.011128465443186256
verdunkeln,0.001692047377326565
verhöhnen,0.0
erbauen,0.005076142131979695
entweichen,0.005076142131979695
erschaffen,-0.01282051282051282
gaukeln,0.0
beschauen,0.0
schlachten,0.01353637901861252
missen,0.001692047377326565
samen,0.0
wiederkehren,0.0
steppen,0.0
brüsten,0.00338409475465313
gähnen,0.005076142131979695
schnellen,0.005076142131979695
entrinnen,0.00338409475465313
schirmen,0.00338409475465313
rahmen,0.001692047377326565
verdrießen,0.001692047377326565
ertrinken,0.00676818950930626
auferstehen,0.0
trauer,-0.039437719640765326
erliegen,-0.01282051282051282
fetzen,0.00338409475465313
ducken,0.008460236886632826
umspielen,0.0
verblassen,-0.01282051282051282
zuwenden,0.001692047377326565
rasten,0.001692047377326565
wahren,-0.00605232331120656
entbrennen,-0.02564102564102564
entschweben,0.0
spitzen,0.001692047377326565
vergießen,0.001692047377326565
verfliegen,0.0
kauern,0.005076142131979695
heiligen,0.001692047377326565
umspannen,0.0
schauert,-0.020564883509045943
klinget,0.001692047377326565
schmachten,-0.023948978263699076
frommt,0.001692047377326565
stieben,-0.011128465443186256
knirschen,0.005076142131979695
wölben,0.00338409475465313
scharren,0.005076142131979695
klappern,0.00338409475465313
ersinnen,0.0
sparen,0.011844331641285956
blühten,-0.00943641806585969
bedrohen,0.0
verschwenden,-0.007744370688533125
türmen,-0.01887283613171938
haschen,0.00338409475465313
verbleiben,0.00338409475465313
genesen,-0.007744370688533125
zaudern,0.008460236886632826
sprudeln,-0.011128465443186256
zertreten,0.0
traben,0.01015228426395939
entschlummern,0.0
röten,0.0007158661980997006
glücken,0.00338409475465313
knarren,0.008460236886632826
rascheln,0.01015228426395939
loht,0.001692047377326565
wettern,0.0
verfließen,-0.00943641806585969
verwelken,0.001692047377326565
bedrängen,0.00338409475465313
schöpfen,0.001692047377326565
betäuben,0.0
zieren,0.01015228426395939
vergolden,-0.01282051282051282
kreuzen,0.005076142131979695
trügen,-0.00266822855655343
spannen,-0.0009761811792268638
erdenken,0.0
knicken,0.001692047377326565
bekränzen,0.001692047377326565
thaten,0.0
steuern,0.005076142131979695
entringen,0.001692047377326565
beschwingen,-0.011128465443186256
erschlagen,0.018612521150592216
verhängen,0.001692047377326565
lauern,0.005076142131979695
schüren,0.0
erfrischen,0.0
entfallen,0.0
verheißen,0.001692047377326565
umspinnen,0.0
forschen,-0.00605232331120656
gründen,0.005076142131979695
lasten,-0.007744370688533125
lugen,0.001692047377326565
auftun,0.001692047377326565
flicken,0.0
schwenken,0.005076142131979695
keuchen,0.015228426395939087
bersten,0.00676818950930626
qualmen,0.00676818950930626
umschweben,0.00338409475465313
verzichten,0.0
fächeln,0.0
umklammern,0.001692047377326565
trinken|tränken,0.00338409475465313
durchbrechen,-0.011128465443186256
hämmern,0.005076142131979695
knallen,0.00338409475465313
erschlaffen,0.0
morden,0.00338409475465313
erhöhen,0.001692047377326565
zerschlagen,0.005076142131979695
krächzen,0.005076142131979695
enteilen,0.001692047377326565
entblößen,0.0
orten,0.01015228426395939
formen,0.001692047377326565
lechzen,0.001692047377326565
